{
  "parameters": {
    "detection_prob": 1.0,
    "wtp_gap_per_adjacent_grade_usd": 50.0,
    "bond_scale": 20.0,
    "bond_rate_per_tonne": {
      "B": 20.0,
      "BB": 40.0,
      "BBB": 80.0,
      "A": 140.0,
      "AA": 200.0,
      "AAA": 300.0
    }
  },
  "n_deposits_total": 1187,
  "n_deposits_with_score": 877,
  "n_deposits_missing_score": 310,
  "summary": {
    "total_tonnes_deposited": 21984481.50170301,
    "total_tonnes_with_known_grade": 15205728.743102001,
    "tonnes_by_true_grade": {
      "B": 9556068.35858,
      "BB": 4319189.643325,
      "BBB": 1330470.741197
    },
    "pct_tonnes_by_true_grade": {
      "B": 62.845184995918466,
      "BB": 28.40501574305919,
      "BBB": 8.749799261022337,
      "A": 0.0,
      "AA": 0.0,
      "AAA": 0.0
    },
    "truthful_total_bond_locked": 470326612.20036,
    "overclaim_total_bond_locked": 4561718622.930605,
    "bond_overhead_ratio_overclaim_vs_truth": 9.699044248398398,
    "expected_slash_revenue_at_p": 4142910755.3874583,
    "expected_slash_as_pct_of_pool_turnover_at_50usd": 544.914462881875,
    "n_deposits_overclaim_deterred": 867,
    "pct_deposits_deterred": 98.85974914481186,
    "tonnes_overclaim_deterred": 15205728.743101997,
    "pct_tonnes_deterred": 99.99999999999997,
    "tonnes_downgraded_vs_aaa_under_truthful": 15205728.743101997,
    "pct_tonnes_downgraded_vs_aaa_under_truthful": 99.99999999999997,
    "per_grade_tonnes_truthful_equilibrium": {
      "B": 9556068.35858,
      "BB": 4319189.643325,
      "BBB": 1330470.741197
    },
    "mean_p_star_by_true_grade": {
      "B": 0.8333333333333334,
      "BB": 0.8333333333333334,
      "BBB": 0.8333333333333334,
      "A": null,
      "AA": null,
      "AAA": null
    }
  },
  "per_deposit_sample": [
    {
      "tco2_address": "0x81b978517aeae9a3378fd9e98c03116457508624",
      "amount_tonnes": 100000.0,
      "true_grade": "B",
      "truth_bond_cost": 2000000.0,
      "overclaim_bond_cost": 30000000.0,
      "overclaim_slash_if_detected": 30000000.0,
      "overclaim_expected_slash": 30000000.0,
      "truthful_wtp": 0.0,
      "overclaim_wtp": 25000000.0,
      "overclaim_net_payoff": -5000000.0,
      "truthful_dominates": true,
      "p_star_detection_threshold": 0.8333333333333334
    },
    {
      "tco2_address": "0xd821fb00d92c3b89708548242f0527903667931c",
      "amount_tonnes": 165317.0,
      "true_grade": "BB",
      "truth_bond_cost": 6612680.0,
      "overclaim_bond_cost": 49595100.0,
      "overclaim_slash_if_detected": 39676080.0,
      "overclaim_expected_slash": 39676080.0,
      "truthful_wtp": 8265850.0,
      "overclaim_wtp": 41329250.0,
      "overclaim_net_payoff": 1653170.0,
      "truthful_dominates": true,
      "p_star_detection_threshold": 0.8333333333333334
    },
    {
      "tco2_address": "0xbbb0b227a5999568121f9b3af9153fcbca39e86e",
      "amount_tonnes": 300000.0,
      "true_grade": "BB",
      "truth_bond_cost": 12000000.0,
      "overclaim_bond_cost": 90000000.0,
      "overclaim_slash_if_detected": 72000000.0,
      "overclaim_expected_slash": 72000000.0,
      "truthful_wtp": 15000000.0,
      "overclaim_wtp": 75000000.0,
      "overclaim_net_payoff": 3000000.0,
      "truthful_dominates": true,
      "p_star_detection_threshold": 0.8333333333333334
    },
    {
      "tco2_address": "0xd7d3387aff6c4ff6c0c986ad6e0ff075499f16b6",
      "amount_tonnes": 4896.0,
      "true_grade": "BB",
      "truth_bond_cost": 195840.0,
      "overclaim_bond_cost": 1468800.0,
      "overclaim_slash_if_detected": 1175040.0,
      "overclaim_expected_slash": 1175040.0,
      "truthful_wtp": 244800.0,
      "overclaim_wtp": 1224000.0,
      "overclaim_net_payoff": 48960.0,
      "truthful_dominates": true,
      "p_star_detection_threshold": 0.8333333333333334
    },
    {
      "tco2_address": "0xd821fb00d92c3b89708548242f0527903667931c",
      "amount_tonnes": 34683.0,
      "true_grade": "BB",
      "truth_bond_cost": 1387320.0,
      "overclaim_bond_cost": 10404900.0,
      "overclaim_slash_if_detected": 8323920.0,
      "overclaim_expected_slash": 8323920.0,
      "truthful_wtp": 1734150.0,
      "overclaim_wtp": 8670750.0,
      "overclaim_net_payoff": 346830.0,
      "truthful_dominates": true,
      "p_star_detection_threshold": 0.8333333333333334
    },
    {
      "tco2_address": "0xe20035b4413cdba325c2c056f21fd1c041971efe",
      "amount_tonnes": 1725.0,
      "true_grade": "B",
      "truth_bond_cost": 34500.0,
      "overclaim_bond_cost": 517500.0,
      "overclaim_slash_if_detected": 517500.0,
      "overclaim_expected_slash": 517500.0,
      "truthful_wtp": 0.0,
      "overclaim_wtp": 431250.0,
      "overclaim_net_payoff": -86250.0,
      "truthful_dominates": true,
      "p_star_detection_threshold": 0.8333333333333334
    },
    {
      "tco2_address": "0x04fdf735f31326d05e0ad8078f10b4f4c30885b2",
      "amount_tonnes": 2000.0,
      "true_grade": "B",
      "truth_bond_cost": 40000.0,
      "overclaim_bond_cost": 600000.0,
      "overclaim_slash_if_detected": 600000.0,
      "overclaim_expected_slash": 600000.0,
      "truthful_wtp": 0.0,
      "overclaim_wtp": 500000.0,
      "overclaim_net_payoff": -100000.0,
      "truthful_dominates": true,
      "p_star_detection_threshold": 0.8333333333333334
    },
    {
      "tco2_address": "0x1579568b031c2cd65a2fc3883a07d2e8e28954b7",
      "amount_tonnes": 30294.0,
      "true_grade": "BB",
      "truth_bond_cost": 1211760.0,
      "overclaim_bond_cost": 9088200.0,
      "overclaim_slash_if_detected": 7270560.0,
      "overclaim_expected_slash": 7270560.0,
      "truthful_wtp": 1514700.0,
      "overclaim_wtp": 7573500.0,
      "overclaim_net_payoff": 302940.0,
      "truthful_dominates": true,
      "p_star_detection_threshold": 0.8333333333333334
    },
    {
      "tco2_address": "0x76b8ced0a22f7c676222704851a1364ab9e1ab36",
      "amount_tonnes": 154144.0,
      "true_grade": "B",
      "truth_bond_cost": 3082880.0,
      "overclaim_bond_cost": 46243200.0,
      "overclaim_slash_if_detected": 46243200.0,
      "overclaim_expected_slash": 46243200.0,
      "truthful_wtp": 0.0,
      "overclaim_wtp": 38536000.0,
      "overclaim_net_payoff": -7707200.0,
      "truthful_dominates": true,
      "p_star_detection_threshold": 0.8333333333333334
    },
    {
      "tco2_address": "0xee786dd3d9cd70712e6ba5abe66477b1f9e03994",
      "amount_tonnes": 4571.0,
      "true_grade": "B",
      "truth_bond_cost": 91420.0,
      "overclaim_bond_cost": 1371300.0,
      "overclaim_slash_if_detected": 1371300.0,
      "overclaim_expected_slash": 1371300.0,
      "truthful_wtp": 0.0,
      "overclaim_wtp": 1142750.0,
      "overclaim_net_payoff": -228550.0,
      "truthful_dominates": true,
      "p_star_detection_threshold": 0.8333333333333334
    },
    {
      "tco2_address": "0xcfcad380a9f21ad3e73cb0c8898a25fcb87679fe",
      "amount_tonnes": 19000.0,
      "true_grade": "B",
      "truth_bond_cost": 380000.0,
      "overclaim_bond_cost": 5700000.0,
      "overclaim_slash_if_detected": 5700000.0,
      "overclaim_expected_slash": 5700000.0,
      "truthful_wtp": 0.0,
      "overclaim_wtp": 4750000.0,
      "overclaim_net_payoff": -950000.0,
      "truthful_dominates": true,
      "p_star_detection_threshold": 0.8333333333333334
    },
    {
      "tco2_address": "0xdbcb00bde2a7f1094688f59bf257374947911f5a",
      "amount_tonnes": 5000.0,
      "true_grade": "BBB",
      "truth_bond_cost": 400000.0,
      "overclaim_bond_cost": 1500000.0,
      "overclaim_slash_if_detected": 900000.0,
      "overclaim_expected_slash": 900000.0,
      "truthful_wtp": 500000.0,
      "overclaim_wtp": 1250000.0,
      "overclaim_net_payoff": 350000.0,
      "truthful_dominates": true,
      "p_star_detection_threshold": 0.8333333333333334
    },
    {
      "tco2_address": "0xacc93a8ce0ca0a7f131fb042090ee03da2102121",
      "amount_tonnes": 2369.0,
      "true_grade": "B",
      "truth_bond_cost": 47380.0,
      "overclaim_bond_cost": 710700.0,