{
  "bct_count_renewable_share": 0.7852,
  "sensitivity": {
    "26pct": {
      "rate": 0.26,
      "coef": 3.02,
      "p": 1.296295095557e-312
    },
    "37pct": {
      "rate": 0.37,
      "coef": 2.122,
      "p": 1.3532872341830925e-187
    },
    "44pct": {
      "rate": 0.44,
      "coef": 1.784,
      "p": 1.779522789432541e-130
    },
    "48pct": {
      "rate": 0.48,
      "coef": 1.636,
      "p": 1.9201730022055763e-103
    },
    "55pct": {
      "rate": 0.55,
      "coef": 1.428,
      "p": 2.6476993874567266e-64
    },
    "60pct": {
      "rate": 0.6,
      "coef": 1.309,
      "p": 4.4667385561243414e-42
    },
    "70pct": {
      "rate": 0.7,
      "coef": 1.122,
      "p": 2.463445550060808e-11
    }
  },
  "wallet_level": {
    "n": 509,
    "mean_share": 0.8925,
    "majority_ren": 453,
    "ttest_p": 1.7289248804354779e-161
  },
  "breakeven_base_rate": 0.785
}